Timestamp,Sensor_Type,Anomaly,Speed(km/hr),Brake_Force(N),Collision_Avoidance,Temperature(?),Humidity(%),Road_Condition,Light_Condition
1/1/2021 0:00,Lidar,No,73,589,Failed,30,39,Dry,Daylight
1/2/2021 0:01,Ultrasonic,No,64,653,Success,22,42,Icy,Dusk
1/3/2021 0:02,Lidar,No,67,657,Success,19,38,Dry,Dusk
1/4/2021 0:03,Ultrasonic,Yes,54,525,Failed,33,75,Wet,Night
1/5/2021 0:04,Radar,No,85,471,Success,34,46,Dry,Daylight
1/6/2021 0:05,Lidar,No,52,385,Success,21,65,Dry,Daylight
1/7/2021 0:06,Ultrasonic,No,66,528,Success,31,45,Dry,Daylight
1/8/2021 0:07,Lidar,No,59,570,Failed,26,97,Dry,Dusk
1/9/2021 0:08,Radar,No,33,628,Success,21,50,Dry,Dusk
1/10/2021 0:09,Ultrasonic,No,70,535,Failed,20,50,Dry,Daylight
1/11/2021 0:10,Ultrasonic,No,61,457,Success,29,48,Dry,Daylight
1/12/2021 0:11,Ultrasonic,No,57,246,Success,23,59,Dry,Daylight
1/13/2021 0:12,Radar,No,48,306,Success,23,97,Wet,Night
1/14/2021 0:13,Lidar,No,38,528,Failed,32,87,Dry,Daylight
1/15/2021 0:14,Camera,Yes,47,217,Success,21,32,Dry,Dusk
1/16/2021 0:15,Camera,Yes,56,448,Failed,32,78,Dry,Daylight
1/17/2021 0:16,Radar,Yes,62,401,Success,21,30,Dry,Daylight
1/18/2021 0:17,Lidar,Yes,57,404,Success,23,95,Wet,Daylight
1/19/2021 0:18,Lidar,Yes,64,423,Success,27,72,Wet,Daylight
1/20/2021 0:19,Camera,Yes,69,463,Failed,25,42,Dry,Dusk
1/21/2021 0:20,Radar,No,71,511,Success,20,91,Wet,Daylight
1/22/2021 0:21,Camera,No,57,596,Failed,26,53,Wet,Dusk
1/23/2021 0:22,Ultrasonic,Yes,51,355,Success,25,57,Dry,Daylight
1/24/2021 0:23,Lidar,No,70,563,Success,21,85,Dry,Dusk
1/25/2021 0:24,Radar,No,54,594,Success,19,71,Dry,Daylight
1/26/2021 0:25,Radar,No,57,497,Success,35,30,Dry,Dusk
1/27/2021 0:26,Camera,No,48,305,Success,27,58,Dry,Dusk
1/28/2021 0:27,Radar,Yes,56,555,Success,30,58,Wet,Night
1/29/2021 0:28,Lidar,Yes,60,532,Success,29,70,Icy,Daylight
1/30/2021 0:29,Camera,Yes,52,613,Success,24,31,Dry,Night
1/31/2021 0:30,Camera,Yes,44,461,Success,24,43,Dry,Dusk
2/1/2021 0:31,Radar,Yes,43,338,Success,33,94,Dry,Daylight
2/2/2021 0:32,Lidar,No,60,392,Success,32,59,Icy,Dusk
2/3/2021 0:33,Lidar,No,58,479,Failed,36,31,Wet,Daylight
2/4/2021 0:34,Lidar,No,57,494,Failed,21,96,Wet,Daylight
2/5/2021 0:35,Ultrasonic,No,68,646,Failed,25,53,Wet,Dusk
2/6/2021 0:36,Ultrasonic,No,80,338,Failed,20,48,Dry,Dusk
2/7/2021 0:37,Ultrasonic,No,62,467,Failed,16,36,Wet,Dusk
2/8/2021 0:38,Lidar,No,41,448,Failed,20,59,Wet,Dusk
2/9/2021 0:39,Radar,No,73,558,Success,25,96,Dry,Daylight
2/10/2021 0:40,Radar,No,64,549,Failed,21,95,Dry,Daylight
2/11/2021 0:41,Camera,No,65,364,Success,29,87,Icy,Night
2/12/2021 0:42,Radar,No,73,514,Success,30,69,Wet,Night
2/13/2021 0:43,Lidar,No,49,339,Failed,23,64,Dry,Daylight
2/14/2021 0:44,Camera,No,72,422,Failed,27,81,Dry,Daylight
2/15/2021 0:45,Lidar,No,63,504,Success,29,78,Icy,Night
2/16/2021 0:46,Lidar,No,59,469,Success,24,66,Wet,Daylight
2/17/2021 0:47,Camera,No,52,359,Success,31,88,Dry,Daylight
2/18/2021 0:48,Radar,No,54,533,Success,25,64,Dry,Dusk
2/19/2021 0:49,Radar,No,60,631,Success,21,95,Dry,Dusk
2/20/2021 0:50,Radar,No,58,474,Success,18,34,Wet,Dusk
2/21/2021 0:51,Radar,Yes,71,548,Success,15,38,Dry,Daylight
2/22/2021 0:52,Radar,No,49,602,Failed,29,58,Dry,Daylight
2/23/2021 0:53,Lidar,No,56,435,Failed,20,79,Dry,Night
2/24/2021 0:54,Radar,No,70,475,Success,34,81,Dry,Daylight
2/25/2021 0:55,Radar,No,82,531,Failed,22,54,Icy,Dusk
2/26/2021 0:56,Camera,Yes,49,462,Success,26,63,Wet,Daylight
2/27/2021 0:57,Radar,No,46,460,Success,21,98,Icy,Daylight
2/28/2021 0:58,Radar,No,49,491,Failed,36,96,Dry,Night
3/1/2021 0:59,Ultrasonic,No,66,522,Success,33,40,Wet,Daylight
3/2/2021 1:00,Lidar,No,76,438,Success,25,61,Dry,Daylight
3/3/2021 1:01,Radar,No,51,506,Success,18,30,Wet,Night
3/4/2021 1:02,Radar,Yes,35,430,Failed,28,93,Wet,Daylight
3/5/2021 1:03,Radar,No,68,487,Failed,30,82,Dry,Night
3/6/2021 1:04,Lidar,No,51,518,Success,21,81,Dry,Daylight
3/7/2021 1:05,Radar,No,58,416,Success,23,96,Dry,Dusk
3/8/2021 1:06,Lidar,No,54,289,Success,24,76,Wet,Night
3/9/2021 1:07,Lidar,Yes,62,564,Success,26,76,Wet,Daylight
3/10/2021 1:08,Radar,No,39,589,Success,24,58,Wet,Daylight
3/11/2021 1:09,Ultrasonic,Yes,69,543,Success,19,90,Wet,Dusk
3/12/2021 1:10,Lidar,No,59,617,Success,34,42,Dry,Dusk
3/13/2021 1:11,Radar,No,71,522,Failed,16,51,Dry,Daylight
3/14/2021 1:12,Lidar,No,57,508,Success,24,41,Dry,Daylight
3/15/2021 1:13,Camera,No,67,538,Success,35,52,Wet,Dusk
3/16/2021 1:14,Lidar,No,57,397,Failed,19,89,Dry,Dusk
3/17/2021 1:15,Camera,No,54,515,Failed,22,67,Dry,Daylight
3/18/2021 1:16,Radar,Yes,49,449,Failed,24,37,Wet,Daylight
3/19/2021 1:17,Camera,No,57,357,Success,20,96,Icy,Dusk
3/20/2021 1:18,Radar,No,69,459,Success,38,33,Dry,Daylight
3/21/2021 1:19,Lidar,No,54,438,Success,26,81,Dry,Daylight
3/22/2021 1:20,Lidar,No,50,529,Failed,27,38,Dry,Dusk
3/23/2021 1:21,Radar,No,44,680,Failed,30,99,Wet,Daylight
3/24/2021 1:22,Radar,Yes,69,540,Failed,24,31,Dry,Dusk
3/25/2021 1:23,Radar,Yes,70,441,Success,25,40,Dry,Daylight
3/26/2021 1:24,Lidar,Yes,53,566,Success,26,61,Wet,Dusk
3/27/2021 1:25,Lidar,No,52,424,Success,28,95,Dry,Daylight
3/28/2021 1:26,Lidar,Yes,38,324,Success,31,75,Wet,Dusk
3/29/2021 1:27,Lidar,No,72,389,Failed,22,58,Dry,Daylight
3/30/2021 1:28,Camera,No,76,410,Success,24,66,Wet,Dusk
3/31/2021 1:29,Camera,No,50,367,Success,22,31,Dry,Dusk
4/1/2021 1:30,Radar,No,72,488,Success,27,90,Dry,Daylight
4/2/2021 1:31,Lidar,No,61,409,Success,23,47,Dry,Daylight
4/3/2021 1:32,Lidar,No,56,422,Success,27,49,Dry,Dusk
4/4/2021 1:33,Radar,Yes,66,428,Success,24,54,Wet,Daylight
4/5/2021 1:34,Radar,No,55,464,Failed,18,96,Dry,Dusk
4/6/2021 1:35,Lidar,No,72,365,Failed,29,83,Dry,Dusk
4/7/2021 1:36,Radar,Yes,63,571,Success,28,91,Dry,Dusk
4/8/2021 1:37,Radar,No,67,621,Success,19,95,Dry,Night
4/9/2021 1:38,Camera,No,53,352,Success,28,83,Dry,Dusk
4/10/2021 1:39,Ultrasonic,Yes,63,344,Success,24,83,Dry,Dusk
4/11/2021 1:40,Radar,No,67,554,Success,28,73,Dry,Night
4/12/2021 1:41,Radar,No,47,498,Success,23,86,Icy,Daylight
4/13/2021 1:42,Radar,Yes,56,527,Failed,19,60,Dry,Daylight
4/14/2021 1:43,Radar,No,71,509,Failed,22,43,Wet,Dusk
4/15/2021 1:44,Lidar,No,63,417,Failed,26,50,Dry,Night
4/16/2021 1:45,Radar,No,46,654,Success,32,35,Dry,Night
4/17/2021 1:46,Lidar,No,46,459,Failed,18,87,Wet,Dusk
4/18/2021 1:47,Lidar,No,39,446,Success,19,58,Icy,Night
4/19/2021 1:48,Radar,Yes,70,323,Failed,27,55,Dry,Daylight
4/20/2021 1:49,Radar,No,67,552,Success,24,87,Dry,Dusk
4/21/2021 1:50,Radar,No,61,626,Failed,28,99,Dry,Night
4/22/2021 1:51,Lidar,No,53,528,Failed,23,88,Wet,Daylight
4/23/2021 1:52,Lidar,No,58,476,Failed,23,96,Dry,Daylight
4/24/2021 1:53,Camera,Yes,56,527,Success,23,47,Wet,Daylight
4/25/2021 1:54,Radar,No,56,406,Failed,24,55,Dry,Daylight
4/26/2021 1:55,Camera,No,64,307,Success,26,77,Dry,Daylight
4/27/2021 1:56,Camera,No,53,608,Success,19,81,Wet,Dusk
4/28/2021 1:57,Radar,No,43,316,Failed,25,71,Dry,Daylight
4/29/2021 1:58,Camera,Yes,64,475,Success,31,95,Icy,Dusk
4/30/2021 1:59,Radar,No,64,463,Success,23,50,Dry,Night
5/1/2021 2:00,Lidar,No,48,548,Success,29,34,Dry,Night
5/2/2021 2:01,Camera,No,78,428,Failed,19,80,Dry,Night
5/3/2021 2:02,Camera,No,53,454,Success,27,42,Dry,Night
5/4/2021 2:03,Camera,No,77,485,Success,23,95,Dry,Dusk
5/5/2021 2:04,Radar,No,78,398,Failed,24,34,Wet,Daylight
5/6/2021 2:05,Lidar,No,65,414,Success,24,62,Dry,Dusk
5/7/2021 2:06,Ultrasonic,No,79,513,Success,27,35,Dry,Dusk
5/8/2021 2:07,Radar,No,68,518,Success,22,87,Wet,Night
5/9/2021 2:08,Radar,No,49,501,Success,25,42,Wet,Daylight
5/10/2021 2:09,Ultrasonic,No,59,636,Success,20,30,Icy,Daylight
5/11/2021 2:10,Radar,No,65,552,Success,11,82,Icy,Dusk
5/12/2021 2:11,Radar,No,51,428,Success,22,56,Dry,Daylight
5/13/2021 2:12,Radar,No,76,561,Success,32,57,Dry,Night
5/14/2021 2:13,Lidar,No,66,293,Success,31,36,Wet,Daylight
5/15/2021 2:14,Camera,No,59,341,Failed,29,67,Wet,Dusk
5/16/2021 2:15,Radar,No,72,689,Failed,35,51,Wet,Daylight
5/17/2021 2:16,Radar,No,78,427,Success,20,56,Dry,Daylight
5/18/2021 2:17,Radar,No,61,587,Success,30,92,Dry,Daylight
5/19/2021 2:18,Radar,No,68,345,Success,27,60,Dry,Dusk
5/20/2021 2:19,Radar,No,61,304,Success,22,89,Dry,Daylight
5/21/2021 2:20,Camera,Yes,48,355,Failed,26,37,Dry,Daylight
5/22/2021 2:21,Lidar,No,66,476,Failed,22,36,Wet,Dusk
5/23/2021 2:22,Radar,No,49,556,Success,20,46,Dry,Daylight
5/24/2021 2:23,Ultrasonic,No,59,515,Failed,23,79,Dry,Dusk
5/25/2021 2:24,Camera,Yes,74,479,Failed,18,89,Dry,Night
5/26/2021 2:25,Camera,No,62,627,Failed,27,49,Dry,Dusk
5/27/2021 2:26,Lidar,No,72,407,Success,27,46,Wet,Daylight
5/28/2021 2:27,Radar,No,41,507,Failed,31,81,Dry,Night
5/29/2021 2:28,Camera,No,48,423,Success,16,65,Dry,Dusk
5/30/2021 2:29,Radar,No,54,493,Success,16,68,Dry,Daylight
5/31/2021 2:30,Lidar,No,60,644,Success,31,44,Dry,Night
6/1/2021 2:31,Radar,No,46,269,Success,28,64,Dry,Night
6/2/2021 2:32,Lidar,No,73,551,Success,25,87,Wet,Night
6/3/2021 2:33,Lidar,No,49,536,Success,32,64,Dry,Night
6/4/2021 2:34,Lidar,No,53,536,Success,26,47,Dry,Dusk
6/5/2021 2:35,Lidar,No,66,609,Success,23,84,Dry,Daylight
6/6/2021 2:36,Camera,No,58,593,Failed,22,98,Wet,Daylight
6/7/2021 2:37,Lidar,No,50,456,Success,24,47,Dry,Daylight
6/8/2021 2:38,Camera,No,66,577,Success,16,54,Dry,Night
6/9/2021 2:39,Radar,Yes,70,472,Success,28,52,Dry,Daylight
6/10/2021 2:40,Radar,No,70,659,Failed,14,61,Wet,Daylight
6/11/2021 2:41,Lidar,Yes,65,429,Success,18,89,Wet,Daylight
6/12/2021 2:42,Ultrasonic,Yes,49,564,Failed,24,40,Wet,Dusk
6/13/2021 2:43,Camera,No,59,607,Success,19,64,Wet,Daylight
6/14/2021 2:44,Radar,No,45,633,Failed,33,73,Dry,Daylight
6/15/2021 2:45,Radar,Yes,70,431,Failed,26,92,Wet,Dusk
6/16/2021 2:46,Lidar,Yes,51,558,Failed,19,55,Dry,Night
6/17/2021 2:47,Radar,No,66,438,Success,29,50,Dry,Night
6/18/2021 2:48,Radar,No,51,628,Failed,30,41,Wet,Dusk
6/19/2021 2:49,Ultrasonic,No,60,375,Success,18,60,Dry,Night
6/20/2021 2:50,Lidar,No,51,391,Failed,33,68,Dry,Daylight
6/21/2021 2:51,Camera,No,56,619,Success,27,40,Dry,Dusk
6/22/2021 2:52,Ultrasonic,No,53,475,Failed,23,97,Dry,Daylight
6/23/2021 2:53,Ultrasonic,No,50,463,Failed,31,92,Dry,Daylight
6/24/2021 2:54,Radar,Yes,71,469,Failed,21,62,Wet,Night
6/25/2021 2:55,Lidar,Yes,46,511,Success,28,39,Dry,Night
6/26/2021 2:56,Lidar,Yes,62,423,Success,22,94,Dry,Daylight
6/27/2021 2:57,Camera,No,61,564,Failed,17,88,Dry,Daylight
6/28/2021 2:58,Lidar,Yes,51,454,Success,29,64,Wet,Daylight
6/29/2021 2:59,Radar,No,48,626,Success,21,98,Icy,Daylight
6/30/2021 3:00,Lidar,No,76,496,Failed,23,72,Wet,Daylight
7/1/2021 3:01,Radar,No,54,469,Success,22,87,Dry,Dusk
7/2/2021 3:02,Lidar,No,32,644,Failed,25,38,Dry,Dusk
7/3/2021 3:03,Radar,No,67,584,Success,19,91,Wet,Dusk
7/4/2021 3:04,Radar,No,52,336,Success,21,69,Dry,Dusk
7/5/2021 3:05,Radar,Yes,49,563,Failed,26,30,Dry,Night
7/6/2021 3:06,Lidar,No,56,528,Success,26,87,Wet,Night
7/7/2021 3:07,Radar,No,63,412,Success,18,31,Dry,Dusk
7/8/2021 3:08,Camera,Yes,63,331,Failed,21,64,Dry,Night
7/9/2021 3:09,Lidar,No,53,655,Success,21,89,Wet,Daylight
7/10/2021 3:10,Radar,No,71,390,Success,31,58,Wet,Daylight
7/11/2021 3:11,Radar,No,57,537,Failed,25,70,Wet,Daylight
7/12/2021 3:12,Lidar,No,65,470,Success,26,35,Dry,Dusk
7/13/2021 3:13,Camera,Yes,48,526,Success,24,37,Wet,Dusk
7/14/2021 3:14,Radar,No,48,533,Success,18,42,Dry,Dusk
7/15/2021 3:15,Lidar,No,49,652,Success,27,46,Wet,Daylight
7/16/2021 3:16,Camera,Yes,45,804,Success,22,63,Dry,Dusk
7/17/2021 3:17,Radar,No,60,489,Success,26,81,Dry,Daylight
7/18/2021 3:18,Lidar,Yes,66,671,Failed,28,44,Dry,Daylight
7/19/2021 3:19,Camera,No,62,661,Success,31,30,Wet,Daylight
7/20/2021 3:20,Lidar,No,52,471,Success,25,35,Wet,Dusk
7/21/2021 3:21,Radar,No,73,423,Success,26,51,Wet,Night
7/22/2021 3:22,Radar,No,54,456,Success,25,50,Dry,Daylight
7/23/2021 3:23,Lidar,No,51,683,Success,33,99,Wet,Daylight
7/24/2021 3:24,Camera,Yes,72,512,Failed,18,91,Icy,Daylight
7/25/2021 3:25,Radar,No,53,751,Success,25,44,Dry,Night
7/26/2021 3:26,Lidar,Yes,51,683,Success,23,53,Dry,Dusk
7/27/2021 3:27,Lidar,No,57,427,Success,24,42,Wet,Daylight
7/28/2021 3:28,Ultrasonic,No,52,629,Success,23,68,Dry,Dusk
7/29/2021 3:29,Radar,No,53,633,Success,29,60,Icy,Daylight
7/30/2021 3:30,Lidar,No,57,371,Success,26,70,Dry,Dusk
7/31/2021 3:31,Camera,No,70,333,Success,18,72,Wet,Daylight
8/1/2021 3:32,Radar,No,65,542,Success,23,50,Dry,Night
8/2/2021 3:33,Camera,No,80,469,Success,17,77,Dry,Dusk
8/3/2021 3:34,Radar,No,56,434,Success,26,62,Dry,Daylight
8/4/2021 3:35,Radar,No,76,564,Success,27,64,Dry,Daylight
8/5/2021 3:36,Ultrasonic,No,38,516,Failed,23,53,Wet,Daylight
8/6/2021 3:37,Ultrasonic,No,44,550,Failed,27,74,Dry,Dusk
8/7/2021 3:38,Radar,Yes,51,540,Success,21,62,Icy,Dusk
8/8/2021 3:39,Camera,No,50,559,Success,13,33,Wet,Night
8/9/2021 3:40,Radar,No,65,448,Success,21,76,Dry,Night
8/10/2021 3:41,Lidar,No,52,525,Success,28,55,Dry,Dusk
8/11/2021 3:42,Radar,No,49,296,Success,20,57,Wet,Night
8/12/2021 3:43,Camera,Yes,57,644,Failed,26,30,Dry,Dusk
8/13/2021 3:44,Camera,No,50,443,Success,34,32,Dry,Night
8/14/2021 3:45,Radar,No,64,524,Success,33,81,Dry,Daylight
8/15/2021 3:46,Ultrasonic,No,58,622,Success,17,65,Dry,Dusk
8/16/2021 3:47,Ultrasonic,No,42,389,Success,23,50,Dry,Night
8/17/2021 3:48,Lidar,Yes,67,597,Success,21,78,Dry,Night
8/18/2021 3:49,Ultrasonic,No,55,389,Success,24,90,Wet,Daylight
8/19/2021 3:50,Lidar,Yes,42,393,Failed,21,49,Dry,Night
8/20/2021 3:51,Camera,No,49,369,Success,22,33,Wet,Daylight
8/21/2021 3:52,Ultrasonic,No,67,477,Success,26,31,Dry,Daylight
8/22/2021 3:53,Radar,No,53,577,Success,26,76,Dry,Dusk
8/23/2021 3:54,Camera,No,62,481,Success,21,42,Dry,Daylight
8/24/2021 3:55,Lidar,No,50,430,Success,23,62,Dry,Daylight
8/25/2021 3:56,Lidar,No,70,447,Failed,31,54,Wet,Daylight
8/26/2021 3:57,Lidar,No,61,540,Success,23,90,Dry,Daylight
8/27/2021 3:58,Camera,No,50,597,Success,24,57,Dry,Night
8/28/2021 3:59,Radar,No,51,331,Failed,26,31,Dry,Daylight
8/29/2021 4:00,Ultrasonic,No,53,428,Success,23,86,Wet,Daylight
8/30/2021 4:01,Radar,No,45,588,Success,18,83,Dry,Daylight
8/31/2021 4:02,Lidar,No,71,539,Success,24,38,Dry,Daylight
9/1/2021 4:03,Ultrasonic,No,55,409,Success,23,80,Dry,Night
9/2/2021 4:04,Radar,No,59,522,Failed,27,68,Dry,Daylight
9/3/2021 4:05,Lidar,No,65,459,Success,29,66,Wet,Dusk
9/4/2021 4:06,Lidar,Yes,73,327,Failed,22,44,Wet,Daylight
9/5/2021 4:07,Radar,No,78,585,Failed,22,61,Dry,Dusk
9/6/2021 4:08,Radar,No,57,467,Success,18,55,Wet,Dusk
9/7/2021 4:09,Lidar,No,62,408,Success,16,78,Dry,Dusk
9/8/2021 4:10,Radar,No,60,431,Failed,28,50,Wet,Night
9/9/2021 4:11,Lidar,No,46,351,Success,20,42,Icy,Daylight
9/10/2021 4:12,Radar,No,47,695,Success,27,87,Dry,Night
9/11/2021 4:13,Radar,Yes,68,707,Success,22,84,Wet,Daylight
9/12/2021 4:14,Ultrasonic,No,67,411,Failed,30,48,Dry,Daylight
9/13/2021 4:15,Radar,No,60,634,Success,24,52,Dry,Dusk
9/14/2021 4:16,Radar,No,75,522,Success,29,77,Wet,Daylight
9/15/2021 4:17,Lidar,Yes,65,358,Success,23,92,Dry,Daylight
9/16/2021 4:18,Camera,No,55,587,Failed,32,37,Wet,Daylight
9/17/2021 4:19,Camera,No,47,354,Success,18,63,Dry,Daylight
9/18/2021 4:20,Radar,No,53,490,Success,25,59,Dry,Daylight
9/19/2021 4:21,Lidar,No,51,585,Failed,28,86,Dry,Dusk
9/20/2021 4:22,Radar,No,57,482,Failed,33,72,Wet,Night
9/21/2021 4:23,Radar,Yes,47,461,Success,33,98,Wet,Daylight
9/22/2021 4:24,Radar,No,66,467,Failed,28,63,Dry,Dusk
9/23/2021 4:25,Radar,Yes,58,593,Success,27,64,Icy,Daylight
9/24/2021 4:26,Radar,No,57,556,Success,26,83,Wet,Daylight
9/25/2021 4:27,Lidar,No,63,320,Failed,31,90,Dry,Daylight
9/26/2021 4:28,Camera,Yes,56,547,Success,16,45,Dry,Daylight
9/27/2021 4:29,Lidar,Yes,46,404,Success,21,41,Dry,Daylight
9/28/2021 4:30,Camera,No,47,465,Success,20,67,Dry,Daylight
9/29/2021 4:31,Radar,Yes,70,527,Success,26,53,Dry,Daylight
9/30/2021 4:32,Radar,No,57,526,Success,20,31,Dry,Night
10/1/2021 4:33,Radar,No,62,561,Success,32,76,Wet,Daylight
10/2/2021 4:34,Radar,No,70,463,Success,20,87,Dry,Dusk
10/3/2021 4:35,Ultrasonic,No,68,419,Success,20,72,Wet,Daylight
10/4/2021 4:36,Radar,No,55,555,Success,17,97,Dry,Daylight
10/5/2021 4:37,Lidar,No,49,583,Success,18,65,Icy,Dusk
10/6/2021 4:38,Radar,No,72,394,Success,25,70,Dry,Daylight
10/7/2021 4:39,Lidar,No,59,412,Success,21,33,Dry,Daylight
10/8/2021 4:40,Radar,No,43,424,Success,34,39,Icy,Night
10/9/2021 4:41,Lidar,No,51,491,Failed,26,42,Dry,Daylight
10/10/2021 4:42,Radar,No,56,647,Success,26,38,Dry,Dusk
10/11/2021 4:43,Lidar,No,44,514,Success,29,59,Dry,Night
10/12/2021 4:44,Lidar,No,63,335,Failed,17,42,Icy,Dusk
10/13/2021 4:45,Lidar,No,74,482,Success,27,93,Dry,Dusk
10/14/2021 4:46,Radar,No,63,414,Success,18,84,Icy,Daylight
10/15/2021 4:47,Lidar,No,64,642,Failed,17,76,Dry,Daylight
10/16/2021 4:48,Radar,No,76,555,Failed,28,46,Wet,Daylight
10/17/2021 4:49,Radar,Yes,82,593,Success,16,62,Icy,Daylight
10/18/2021 4:50,Radar,Yes,77,371,Success,28,74,Dry,Daylight
10/19/2021 4:51,Radar,No,76,462,Success,24,75,Wet,Night
10/20/2021 4:52,Lidar,No,69,434,Success,20,86,Wet,Night
10/21/2021 4:53,Ultrasonic,No,50,550,Success,16,34,Dry,Dusk
10/22/2021 4:54,Radar,No,68,436,Success,22,95,Icy,Dusk
10/23/2021 4:55,Ultrasonic,No,52,588,Success,19,51,Wet,Dusk
10/24/2021 4:56,Radar,No,57,538,Success,20,45,Wet,Dusk
10/25/2021 4:57,Radar,No,54,517,Success,26,99,Wet,Daylight
10/26/2021 4:58,Radar,Yes,61,475,Failed,17,98,Dry,Night
10/27/2021 4:59,Radar,No,68,418,Success,21,50,Wet,Night
10/28/2021 5:00,Lidar,No,72,639,Success,32,81,Dry,Daylight
10/29/2021 5:01,Radar,No,53,500,Success,20,89,Dry,Daylight
10/30/2021 5:02,Radar,No,52,416,Success,24,40,Wet,Daylight
10/31/2021 5:03,Radar,No,69,451,Success,24,65,Dry,Night
11/1/2021 5:04,Camera,No,60,555,Failed,22,54,Wet,Daylight
11/2/2021 5:05,Radar,No,55,461,Failed,26,71,Wet,Night
11/3/2021 5:06,Camera,No,56,617,Success,25,76,Dry,Daylight
11/4/2021 5:07,Ultrasonic,No,53,583,Success,23,69,Dry,Night
11/5/2021 5:08,Lidar,No,59,477,Success,22,95,Dry,Dusk
11/6/2021 5:09,Ultrasonic,No,61,658,Failed,25,45,Dry,Daylight
11/7/2021 5:10,Radar,Yes,50,571,Success,25,94,Dry,Daylight
11/8/2021 5:11,Lidar,No,55,477,Success,23,90,Wet,Dusk
11/9/2021 5:12,Radar,Yes,84,516,Failed,22,73,Dry,Daylight
11/10/2021 5:13,Radar,No,70,626,Success,33,78,Wet,Dusk
11/11/2021 5:14,Radar,No,72,573,Success,22,37,Dry,Night
11/12/2021 5:15,Radar,Yes,63,518,Success,25,68,Wet,Daylight
11/13/2021 5:16,Lidar,No,60,529,Success,18,56,Dry,Dusk
11/14/2021 5:17,Lidar,Yes,57,296,Success,24,86,Dry,Dusk
11/15/2021 5:18,Radar,No,74,555,Success,23,80,Dry,Dusk
11/16/2021 5:19,Ultrasonic,No,69,571,Success,24,60,Dry,Daylight
11/17/2021 5:20,Lidar,No,70,586,Failed,22,30,Dry,Dusk
11/18/2021 5:21,Lidar,No,48,372,Success,34,95,Dry,Dusk
11/19/2021 5:22,Lidar,No,67,723,Success,31,66,Wet,Night
11/20/2021 5:23,Ultrasonic,No,65,561,Success,19,85,Wet,Daylight
11/21/2021 5:24,Radar,No,71,535,Success,21,83,Dry,Dusk
11/22/2021 5:25,Radar,Yes,57,458,Failed,22,69,Wet,Daylight
11/23/2021 5:26,Radar,No,63,516,Success,26,46,Wet,Night
11/24/2021 5:27,Camera,No,74,338,Success,20,46,Dry,Dusk
11/25/2021 5:28,Radar,No,59,436,Failed,23,43,Dry,Daylight
11/26/2021 5:29,Lidar,No,67,605,Success,22,74,Icy,Night
11/27/2021 5:30,Radar,No,55,642,Failed,22,85,Dry,Daylight
11/28/2021 5:31,Lidar,No,52,430,Success,23,34,Dry,Daylight
11/29/2021 5:32,Camera,No,85,509,Success,26,32,Dry,Daylight
11/30/2021 5:33,Lidar,No,56,495,Success,25,46,Wet,Daylight
12/1/2021 5:34,Lidar,No,62,500,Failed,31,78,Dry,Daylight
12/2/2021 5:35,Camera,No,62,472,Success,24,72,Dry,Daylight
12/3/2021 5:36,Lidar,No,63,487,Failed,22,54,Wet,Dusk
12/4/2021 5:37,Radar,No,77,593,Success,22,79,Icy,Night
12/5/2021 5:38,Lidar,No,51,483,Success,19,80,Icy,Daylight
12/6/2021 5:39,Radar,No,73,421,Success,25,73,Dry,Daylight
12/7/2021 5:40,Camera,No,40,481,Success,31,98,Dry,Dusk
12/8/2021 5:41,Lidar,No,47,293,Success,20,35,Dry,Dusk
12/9/2021 5:42,Lidar,No,65,468,Success,28,58,Dry,Daylight
12/10/2021 5:43,Radar,No,52,740,Success,27,57,Dry,Dusk
12/11/2021 5:44,Camera,No,48,569,Success,23,81,Wet,Daylight
12/12/2021 5:45,Camera,Yes,69,447,Success,26,38,Wet,Daylight
12/13/2021 5:46,Radar,Yes,61,788,Success,34,70,Dry,Night
12/14/2021 5:47,Lidar,Yes,50,503,Success,20,46,Icy,Night
12/15/2021 5:48,Radar,No,51,545,Success,24,99,Icy,Daylight
12/16/2021 5:49,Radar,No,71,480,Success,25,86,Wet,Daylight
12/17/2021 5:50,Ultrasonic,No,49,563,Success,16,86,Dry,Dusk
12/18/2021 5:51,Lidar,No,78,435,Success,23,58,Dry,Daylight
12/19/2021 5:52,Camera,No,46,581,Failed,30,88,Dry,Night
12/20/2021 5:53,Lidar,No,59,538,Success,24,74,Dry,Night
12/21/2021 5:54,Radar,No,55,454,Success,25,94,Dry,Dusk
12/22/2021 5:55,Camera,No,62,454,Success,24,56,Dry,Daylight
12/23/2021 5:56,Radar,No,59,552,Success,27,88,Wet,Dusk
12/24/2021 5:57,Ultrasonic,No,52,476,Success,26,39,Icy,Dusk
12/25/2021 5:58,Ultrasonic,No,64,435,Failed,35,52,Dry,Daylight
12/26/2021 5:59,Lidar,No,57,651,Success,25,30,Dry,Night
12/27/2021 6:00,Lidar,No,51,448,Failed,28,93,Dry,Daylight
12/28/2021 6:01,Lidar,No,49,388,Success,23,30,Dry,Dusk
12/29/2021 6:02,Lidar,No,55,388,Failed,20,86,Wet,Daylight
12/30/2021 6:03,Camera,No,62,420,Success,21,40,Wet,Dusk
12/31/2021 6:04,Camera,No,46,559,Failed,17,38,Dry,Daylight
1/1/2022 6:05,Lidar,No,62,571,Failed,18,64,Dry,Daylight
1/2/2022 6:06,Lidar,No,48,337,Success,22,89,Dry,Daylight
1/3/2022 6:07,Radar,No,55,376,Success,29,61,Dry,Dusk
1/4/2022 6:08,Radar,No,53,516,Success,14,49,Icy,Dusk
1/5/2022 6:09,Lidar,No,59,673,Success,26,80,Wet,Daylight
1/6/2022 6:10,Radar,No,53,478,Success,27,60,Dry,Daylight
1/7/2022 6:11,Camera,No,49,645,Success,17,96,Wet,Daylight
1/8/2022 6:12,Lidar,No,58,607,Failed,21,44,Wet,Daylight
1/9/2022 6:13,Camera,No,71,492,Success,21,41,Dry,Dusk
1/10/2022 6:14,Radar,No,67,601,Success,23,58,Dry,Night
1/11/2022 6:15,Camera,No,58,545,Success,28,34,Dry,Daylight
1/12/2022 6:16,Lidar,Yes,52,454,Failed,25,65,Wet,Daylight
1/13/2022 6:17,Lidar,No,70,518,Success,25,54,Wet,Night
1/14/2022 6:18,Ultrasonic,No,48,501,Success,26,31,Dry,Daylight
1/15/2022 6:19,Lidar,No,60,554,Success,27,36,Dry,Dusk
1/16/2022 6:20,Lidar,No,49,633,Success,27,48,Wet,Daylight
1/17/2022 6:21,Lidar,Yes,55,745,Success,33,33,Dry,Night
1/18/2022 6:22,Radar,Yes,59,519,Failed,19,72,Dry,Daylight
1/19/2022 6:23,Lidar,No,56,410,Success,21,60,Dry,Daylight
1/20/2022 6:24,Camera,No,73,396,Success,15,89,Dry,Dusk
1/21/2022 6:25,Lidar,No,58,439,Failed,23,64,Dry,Night
1/22/2022 6:26,Camera,No,42,378,Failed,10,44,Dry,Daylight
1/23/2022 6:27,Radar,No,57,292,Failed,27,91,Dry,Night
1/24/2022 6:28,Camera,No,60,454,Failed,25,66,Dry,Daylight
1/25/2022 6:29,Lidar,No,68,397,Failed,22,66,Dry,Dusk
1/26/2022 6:30,Ultrasonic,No,72,517,Success,28,62,Icy,Dusk
1/27/2022 6:31,Camera,No,50,551,Success,24,78,Wet,Daylight
1/28/2022 6:32,Radar,No,49,326,Success,20,88,Dry,Daylight
1/29/2022 6:33,Camera,Yes,53,512,Success,14,65,Wet,Night
1/30/2022 6:34,Lidar,No,64,496,Success,20,85,Icy,Daylight
1/31/2022 6:35,Ultrasonic,No,45,519,Success,27,37,Wet,Daylight
2/1/2022 6:36,Lidar,No,46,453,Success,24,33,Dry,Daylight
2/2/2022 6:37,Radar,No,65,340,Success,30,87,Dry,Daylight
2/3/2022 6:38,Radar,No,63,355,Success,26,76,Wet,Night
2/4/2022 6:39,Camera,No,76,558,Success,24,31,Dry,Daylight
2/5/2022 6:40,Ultrasonic,No,75,554,Failed,18,44,Wet,Night
2/6/2022 6:41,Radar,No,63,410,Success,32,90,Wet,Daylight
2/7/2022 6:42,Lidar,No,60,542,Success,32,72,Wet,Night
2/8/2022 6:43,Camera,Yes,45,518,Success,26,60,Dry,Night
2/9/2022 6:44,Radar,No,54,511,Failed,17,48,Wet,Daylight
2/10/2022 6:45,Lidar,No,58,551,Success,28,39,Dry,Night
2/11/2022 6:46,Ultrasonic,No,55,452,Failed,21,56,Wet,Daylight
2/12/2022 6:47,Camera,No,78,604,Failed,24,82,Icy,Daylight
2/13/2022 6:48,Lidar,Yes,50,405,Failed,27,68,Dry,Dusk
2/14/2022 6:49,Lidar,Yes,59,673,Success,26,48,Icy,Daylight
2/15/2022 6:50,Lidar,No,75,500,Success,26,68,Dry,Dusk
2/16/2022 6:51,Camera,No,44,465,Failed,18,47,Dry,Night
2/17/2022 6:52,Radar,No,76,523,Success,22,61,Icy,Night
2/18/2022 6:53,Lidar,No,50,442,Failed,17,51,Dry,Night
2/19/2022 6:54,Radar,No,69,406,Success,24,36,Dry,Daylight
2/20/2022 6:55,Ultrasonic,Yes,59,659,Success,23,65,Dry,Dusk
2/21/2022 6:56,Lidar,No,71,500,Success,25,59,Wet,Daylight
2/22/2022 6:57,Ultrasonic,No,53,419,Success,18,77,Dry,Daylight
2/23/2022 6:58,Camera,No,67,561,Success,32,52,Dry,Dusk
2/24/2022 6:59,Lidar,No,64,388,Success,28,76,Dry,Dusk
2/25/2022 7:00,Ultrasonic,Yes,57,613,Success,21,90,Dry,Night
2/26/2022 7:01,Lidar,No,59,481,Success,29,76,Wet,Daylight
2/27/2022 7:02,Camera,No,70,506,Success,26,92,Dry,Daylight
2/28/2022 7:03,Camera,No,50,459,Success,20,33,Dry,Daylight
3/1/2022 7:04,Camera,No,64,375,Success,25,63,Dry,Daylight
3/2/2022 7:05,Camera,No,68,670,Success,31,34,Dry,Dusk
3/3/2022 7:06,Camera,No,49,596,Success,21,53,Dry,Daylight
3/4/2022 7:07,Lidar,No,50,493,Success,19,37,Dry,Daylight
3/5/2022 7:08,Camera,No,58,392,Success,18,51,Dry,Night
3/6/2022 7:09,Camera,Yes,26,536,Success,16,95,Wet,Dusk
3/7/2022 7:10,Radar,Yes,52,638,Failed,29,69,Icy,Daylight
3/8/2022 7:11,Radar,No,59,403,Success,23,55,Dry,Daylight
3/9/2022 7:12,Camera,No,56,488,Success,24,78,Dry,Daylight
3/10/2022 7:13,Radar,Yes,51,454,Success,27,52,Dry,Dusk
3/11/2022 7:14,Camera,No,65,515,Success,23,85,Icy,Daylight
3/12/2022 7:15,Radar,No,66,421,Success,19,84,Wet,Night
3/13/2022 7:16,Lidar,No,56,520,Failed,23,76,Dry,Night
3/14/2022 7:17,Camera,No,66,443,Failed,28,41,Dry,Dusk
3/15/2022 7:18,Lidar,No,67,585,Success,27,82,Dry,Daylight
3/16/2022 7:19,Radar,No,58,534,Success,22,96,Wet,Dusk
3/17/2022 7:20,Radar,No,49,613,Success,19,74,Dry,Dusk
3/18/2022 7:21,Radar,Yes,55,562,Failed,19,46,Wet,Dusk
3/19/2022 7:22,Lidar,No,43,333,Success,18,58,Wet,Dusk
3/20/2022 7:23,Lidar,Yes,62,600,Success,34,70,Dry,Night
3/21/2022 7:24,Radar,Yes,63,576,Success,30,99,Dry,Dusk
3/22/2022 7:25,Radar,No,51,508,Success,25,83,Dry,Night
3/23/2022 7:26,Camera,No,42,349,Success,22,84,Icy,Night
3/24/2022 7:27,Ultrasonic,Yes,58,348,Success,24,36,Icy,Daylight
3/25/2022 7:28,Radar,No,57,698,Failed,23,49,Dry,Night
3/26/2022 7:29,Lidar,Yes,74,350,Success,20,56,Dry,Night
3/27/2022 7:30,Lidar,No,45,417,Success,24,42,Dry,Daylight
3/28/2022 7:31,Camera,No,55,577,Success,18,59,Icy,Daylight
3/29/2022 7:32,Radar,No,53,369,Failed,19,86,Dry,Dusk
3/30/2022 7:33,Ultrasonic,No,71,507,Success,20,42,Wet,Daylight
3/31/2022 7:34,Lidar,No,56,563,Success,17,58,Dry,Dusk
4/1/2022 7:35,Ultrasonic,No,43,411,Success,22,48,Wet,Dusk
4/2/2022 7:36,Lidar,No,52,532,Success,24,70,Wet,Dusk
4/3/2022 7:37,Camera,No,61,582,Success,28,79,Dry,Daylight
4/4/2022 7:38,Lidar,No,54,478,Failed,24,60,Dry,Night
4/5/2022 7:39,Lidar,Yes,75,613,Success,30,92,Dry,Daylight
4/6/2022 7:40,Lidar,No,44,413,Success,30,64,Wet,Daylight
4/7/2022 7:41,Radar,No,47,450,Success,27,67,Dry,Daylight
4/8/2022 7:42,Ultrasonic,No,78,512,Success,30,30,Icy,Daylight
4/9/2022 7:43,Lidar,No,68,604,Failed,22,40,Dry,Daylight
4/10/2022 7:44,Radar,Yes,65,467,Success,22,62,Dry,Night
4/11/2022 7:45,Lidar,No,69,494,Success,31,54,Wet,Daylight
4/12/2022 7:46,Radar,No,54,479,Failed,29,55,Wet,Dusk
4/13/2022 7:47,Lidar,Yes,74,485,Success,33,47,Icy,Daylight
4/14/2022 7:48,Camera,No,49,653,Failed,31,45,Dry,Night
4/15/2022 7:49,Camera,No,64,709,Success,27,98,Dry,Dusk
4/16/2022 7:50,Radar,No,46,607,Failed,23,56,Dry,Daylight
4/17/2022 7:51,Camera,No,52,341,Success,20,76,Wet,Dusk
4/18/2022 7:52,Radar,Yes,52,495,Success,27,71,Dry,Daylight
4/19/2022 7:53,Radar,No,72,560,Failed,21,93,Wet,Daylight
4/20/2022 7:54,Radar,Yes,62,510,Failed,21,81,Dry,Daylight
4/21/2022 7:55,Lidar,No,74,524,Success,22,85,Wet,Daylight
4/22/2022 7:56,Radar,No,75,500,Success,16,87,Wet,Night
4/23/2022 7:57,Camera,No,69,411,Failed,24,36,Dry,Dusk
4/24/2022 7:58,Camera,No,44,524,Failed,30,59,Dry,Daylight
4/25/2022 7:59,Camera,No,66,582,Success,22,41,Dry,Daylight
4/26/2022 8:00,Camera,No,66,494,Success,24,91,Dry,Dusk
4/27/2022 8:01,Ultrasonic,No,50,512,Success,22,94,Dry,Daylight
4/28/2022 8:02,Radar,No,71,463,Success,20,32,Dry,Daylight
4/29/2022 8:03,Radar,Yes,70,594,Failed,23,68,Wet,Daylight
4/30/2022 8:04,Camera,Yes,64,442,Failed,31,43,Dry,Night
5/1/2022 8:05,Lidar,No,69,405,Success,32,35,Dry,Dusk
5/2/2022 8:06,Camera,No,67,286,Success,17,49,Dry,Daylight
5/3/2022 8:07,Ultrasonic,No,57,493,Success,27,72,Dry,Night
5/4/2022 8:08,Camera,No,63,366,Success,25,41,Icy,Night
5/5/2022 8:09,Camera,No,55,579,Failed,23,38,Dry,Night
5/6/2022 8:10,Lidar,No,64,504,Success,24,31,Dry,Daylight
5/7/2022 8:11,Radar,No,41,495,Success,19,88,Icy,Dusk
5/8/2022 8:12,Radar,No,57,618,Success,21,85,Wet,Daylight
5/9/2022 8:13,Radar,No,63,683,Failed,21,69,Dry,Daylight
5/10/2022 8:14,Radar,No,61,397,Failed,27,44,Wet,Daylight
5/11/2022 8:15,Camera,No,49,611,Success,32,51,Dry,Night
5/12/2022 8:16,Camera,No,63,399,Success,15,72,Wet,Daylight
5/13/2022 8:17,Lidar,Yes,58,486,Failed,33,63,Dry,Night
5/14/2022 8:18,Radar,Yes,66,482,Success,29,83,Dry,Daylight
5/15/2022 8:19,Lidar,Yes,67,562,Success,24,31,Dry,Daylight
5/16/2022 8:20,Lidar,Yes,60,427,Failed,25,63,Dry,Dusk
5/17/2022 8:21,Ultrasonic,No,63,393,Failed,25,31,Wet,Dusk
5/18/2022 8:22,Camera,Yes,53,533,Failed,22,87,Dry,Daylight
5/19/2022 8:23,Ultrasonic,No,74,472,Success,28,72,Dry,Night
5/20/2022 8:24,Lidar,No,53,495,Success,25,71,Wet,Daylight
5/21/2022 8:25,Lidar,No,45,579,Success,29,78,Wet,Daylight
5/22/2022 8:26,Radar,Yes,76,495,Failed,23,64,Wet,Daylight
5/23/2022 8:27,Lidar,No,61,616,Failed,29,89,Dry,Daylight
5/24/2022 8:28,Radar,No,74,513,Failed,31,50,Dry,Daylight
5/25/2022 8:29,Ultrasonic,Yes,71,451,Failed,30,54,Dry,Night
5/26/2022 8:30,Ultrasonic,Yes,55,451,Success,28,91,Dry,Daylight
5/27/2022 8:31,Radar,No,32,613,Success,19,86,Dry,Dusk
5/28/2022 8:32,Radar,No,75,440,Failed,29,37,Dry,Daylight
5/29/2022 8:33,Radar,No,53,540,Success,22,74,Dry,Dusk
5/30/2022 8:34,Lidar,No,62,483,Success,25,88,Wet,Daylight
5/31/2022 8:35,Ultrasonic,Yes,68,534,Failed,27,32,Wet,Dusk
6/1/2022 8:36,Lidar,No,62,476,Failed,25,77,Icy,Daylight
6/2/2022 8:37,Radar,No,49,334,Success,16,89,Wet,Daylight
6/3/2022 8:38,Lidar,No,62,515,Success,19,72,Dry,Daylight
6/4/2022 8:39,Radar,No,59,548,Success,22,54,Dry,Night
6/5/2022 8:40,Lidar,No,59,288,Failed,33,50,Dry,Daylight
6/6/2022 8:41,Lidar,No,58,478,Success,20,87,Wet,Daylight
6/7/2022 8:42,Camera,No,51,738,Failed,34,52,Dry,Night
6/8/2022 8:43,Camera,No,64,440,Failed,16,56,Dry,Dusk
6/9/2022 8:44,Camera,No,56,406,Failed,33,40,Dry,Daylight
6/10/2022 8:45,Radar,No,75,506,Success,25,61,Dry,Dusk
6/11/2022 8:46,Lidar,Yes,76,437,Failed,38,37,Dry,Night
6/12/2022 8:47,Radar,No,66,489,Failed,21,48,Dry,Night
6/13/2022 8:48,Lidar,Yes,58,592,Success,21,94,Wet,Night
6/14/2022 8:49,Radar,No,66,339,Failed,18,78,Dry,Night
6/15/2022 8:50,Lidar,Yes,38,641,Success,27,30,Dry,Daylight
6/16/2022 8:51,Camera,No,48,548,Failed,24,55,Dry,Daylight
6/17/2022 8:52,Camera,No,50,557,Failed,22,85,Dry,Daylight
6/18/2022 8:53,Radar,No,35,564,Failed,21,34,Dry,Daylight
6/19/2022 8:54,Camera,No,72,501,Success,26,98,Wet,Night
6/20/2022 8:55,Camera,No,57,488,Success,22,40,Dry,Daylight
6/21/2022 8:56,Camera,No,46,652,Success,8,58,Wet,Daylight
6/22/2022 8:57,Lidar,Yes,52,331,Success,25,55,Dry,Daylight
6/23/2022 8:58,Radar,Yes,69,598,Success,25,92,Dry,Daylight
6/24/2022 8:59,Lidar,No,48,539,Success,13,97,Wet,Daylight
6/25/2022 9:00,Camera,No,57,478,Failed,24,41,Wet,Dusk
6/26/2022 9:01,Lidar,Yes,58,481,Success,19,74,Dry,Dusk
6/27/2022 9:02,Camera,No,63,558,Success,25,57,Wet,Daylight
6/28/2022 9:03,Radar,No,55,568,Success,22,69,Dry,Daylight
6/29/2022 9:04,Radar,Yes,67,461,Success,30,81,Dry,Dusk
6/30/2022 9:05,Lidar,No,61,498,Failed,27,45,Dry,Daylight
7/1/2022 9:06,Camera,No,47,394,Success,19,30,Wet,Night
7/2/2022 9:07,Camera,No,59,506,Failed,25,64,Dry,Daylight
7/3/2022 9:08,Radar,Yes,63,592,Success,27,50,Wet,Night
7/4/2022 9:09,Radar,No,56,593,Success,28,36,Dry,Daylight
7/5/2022 9:10,Camera,No,51,586,Success,21,96,Dry,Daylight
7/6/2022 9:11,Ultrasonic,Yes,58,473,Failed,27,59,Dry,Dusk
7/7/2022 9:12,Camera,No,39,588,Failed,20,80,Wet,Dusk
7/8/2022 9:13,Radar,Yes,75,395,Failed,28,64,Wet,Night
7/9/2022 9:14,Ultrasonic,No,53,366,Failed,22,97,Dry,Daylight
7/10/2022 9:15,Lidar,No,46,365,Success,17,91,Dry,Dusk
7/11/2022 9:16,Lidar,No,75,560,Success,23,60,Wet,Dusk
7/12/2022 9:17,Radar,No,48,517,Success,20,50,Wet,Dusk
7/13/2022 9:18,Radar,No,74,495,Success,28,99,Dry,Daylight
7/14/2022 9:19,Lidar,Yes,54,376,Success,15,95,Dry,Dusk
7/15/2022 9:20,Ultrasonic,No,52,565,Success,29,98,Wet,Daylight
7/16/2022 9:21,Camera,Yes,61,540,Success,28,56,Dry,Daylight
7/17/2022 9:22,Lidar,No,47,518,Success,32,53,Wet,Dusk
7/18/2022 9:23,Lidar,No,63,547,Success,21,47,Dry,Dusk
7/19/2022 9:24,Lidar,No,64,473,Success,20,59,Dry,Night
7/20/2022 9:25,Camera,Yes,73,513,Success,28,58,Dry,Daylight
7/21/2022 9:26,Radar,No,54,360,Failed,25,68,Wet,Dusk
7/22/2022 9:27,Lidar,No,48,491,Success,20,67,Dry,Dusk
7/23/2022 9:28,Lidar,No,57,285,Failed,22,76,Wet,Daylight
7/24/2022 9:29,Lidar,No,54,470,Success,19,32,Dry,Daylight
7/25/2022 9:30,Lidar,No,59,605,Success,18,68,Dry,Dusk
7/26/2022 9:31,Lidar,No,58,421,Failed,24,71,Dry,Dusk
7/27/2022 9:32,Lidar,No,58,621,Success,24,73,Icy,Dusk
7/28/2022 9:33,Radar,No,55,395,Success,30,64,Wet,Daylight
7/29/2022 9:34,Radar,No,57,595,Success,26,69,Dry,Daylight
7/30/2022 9:35,Lidar,No,71,348,Success,31,62,Dry,Daylight
7/31/2022 9:36,Radar,Yes,52,446,Success,23,65,Dry,Night
8/1/2022 9:37,Camera,No,48,449,Success,29,86,Icy,Dusk
8/2/2022 9:38,Lidar,Yes,60,518,Success,32,91,Wet,Dusk
8/3/2022 9:39,Camera,No,54,578,Success,23,50,Dry,Daylight
8/4/2022 9:40,Radar,No,46,412,Success,32,99,Wet,Daylight
8/5/2022 9:41,Camera,Yes,70,459,Failed,30,98,Dry,Dusk
8/6/2022 9:42,Ultrasonic,No,77,466,Failed,24,75,Dry,Daylight
8/7/2022 9:43,Ultrasonic,Yes,66,615,Success,24,56,Dry,Night
8/8/2022 9:44,Lidar,No,62,663,Success,32,72,Wet,Night
8/9/2022 9:45,Radar,No,67,506,Success,33,44,Icy,Dusk
8/10/2022 9:46,Ultrasonic,No,52,467,Success,15,85,Wet,Daylight
8/11/2022 9:47,Radar,Yes,58,527,Success,32,40,Wet,Daylight
8/12/2022 9:48,Radar,No,65,407,Failed,27,56,Icy,Night
8/13/2022 9:49,Radar,No,63,608,Failed,23,38,Dry,Night
8/14/2022 9:50,Radar,No,41,319,Failed,22,69,Dry,Dusk
8/15/2022 9:51,Radar,Yes,48,378,Failed,31,31,Wet,Dusk
8/16/2022 9:52,Camera,No,53,519,Failed,31,35,Dry,Daylight
8/17/2022 9:53,Camera,No,67,311,Failed,29,77,Wet,Daylight
8/18/2022 9:54,Ultrasonic,No,55,537,Success,27,90,Wet,Dusk
8/19/2022 9:55,Radar,No,47,447,Success,22,41,Wet,Daylight
8/20/2022 9:56,Lidar,No,53,377,Failed,31,42,Dry,Night
8/21/2022 9:57,Radar,No,54,476,Failed,28,76,Wet,Daylight
8/22/2022 9:58,Ultrasonic,No,60,520,Success,19,92,Dry,Night
8/23/2022 9:59,Camera,Yes,57,539,Success,21,37,Dry,Daylight
8/24/2022 10:00,Radar,Yes,51,530,Failed,31,64,Wet,Daylight
8/25/2022 10:01,Camera,No,59,444,Success,15,54,Icy,Night
8/26/2022 10:02,Radar,No,86,371,Failed,31,66,Wet,Daylight
8/27/2022 10:03,Radar,No,87,398,Failed,28,52,Icy,Daylight
8/28/2022 10:04,Camera,Yes,63,562,Failed,15,83,Wet,Daylight
8/29/2022 10:05,Radar,Yes,46,485,Failed,23,32,Dry,Dusk
8/30/2022 10:06,Lidar,No,60,484,Success,27,87,Dry,Daylight
8/31/2022 10:07,Ultrasonic,No,62,636,Failed,28,88,Icy,Dusk
9/1/2022 10:08,Lidar,No,78,596,Failed,21,55,Dry,Daylight
9/2/2022 10:09,Radar,Yes,63,405,Failed,14,99,Wet,Daylight
9/3/2022 10:10,Radar,No,50,544,Success,23,95,Wet,Daylight
9/4/2022 10:11,Radar,No,53,438,Failed,23,74,Icy,Daylight
9/5/2022 10:12,Radar,Yes,72,458,Failed,29,94,Wet,Dusk
9/6/2022 10:13,Ultrasonic,No,64,564,Success,26,39,Dry,Daylight
9/7/2022 10:14,Lidar,No,59,412,Success,28,77,Wet,Dusk
9/8/2022 10:15,Radar,No,61,591,Success,34,74,Dry,Daylight
9/9/2022 10:16,Ultrasonic,Yes,79,520,Success,21,86,Dry,Daylight
9/10/2022 10:17,Lidar,Yes,70,485,Failed,27,74,Dry,Daylight
9/11/2022 10:18,Radar,Yes,55,426,Success,34,75,Dry,Daylight
9/12/2022 10:19,Lidar,No,62,482,Success,27,55,Dry,Daylight
9/13/2022 10:20,Camera,No,56,532,Success,30,48,Wet,Daylight
9/14/2022 10:21,Camera,No,56,343,Failed,21,67,Wet,Daylight
9/15/2022 10:22,Radar,No,60,465,Failed,30,44,Wet,Daylight
9/16/2022 10:23,Lidar,No,45,587,Success,38,36,Wet,Night
9/17/2022 10:24,Lidar,No,55,502,Failed,23,41,Wet,Night
9/18/2022 10:25,Radar,No,62,723,Success,23,87,Dry,Daylight
9/19/2022 10:26,Radar,Yes,60,414,Success,27,53,Dry,Night
9/20/2022 10:27,Radar,No,56,680,Failed,33,60,Dry,Dusk
9/21/2022 10:28,Ultrasonic,No,65,526,Success,24,80,Dry,Dusk
9/22/2022 10:29,Lidar,Yes,76,539,Success,32,90,Dry,Daylight
9/23/2022 10:30,Lidar,No,55,472,Success,32,34,Wet,Dusk
9/24/2022 10:31,Radar,No,45,398,Success,17,80,Wet,Daylight
9/25/2022 10:32,Lidar,No,82,520,Failed,25,90,Dry,Dusk
9/26/2022 10:33,Lidar,Yes,54,626,Success,24,34,Dry,Night
9/27/2022 10:34,Lidar,No,68,453,Success,29,88,Dry,Dusk
9/28/2022 10:35,Radar,No,62,562,Success,25,61,Dry,Dusk
9/29/2022 10:36,Ultrasonic,No,61,509,Success,25,88,Dry,Daylight
9/30/2022 10:37,Lidar,No,62,411,Failed,21,86,Dry,Daylight
10/1/2022 10:38,Radar,No,64,647,Success,22,69,Dry,Daylight
10/2/2022 10:39,Camera,No,74,409,Success,19,66,Wet,Night
10/3/2022 10:40,Lidar,Yes,68,559,Success,26,60,Dry,Daylight
10/4/2022 10:41,Lidar,No,60,594,Success,23,39,Wet,Daylight
10/5/2022 10:42,Lidar,No,63,582,Failed,31,98,Wet,Daylight
10/6/2022 10:43,Camera,No,69,496,Success,25,62,Wet,Daylight
10/7/2022 10:44,Ultrasonic,No,53,499,Success,22,86,Dry,Dusk
10/8/2022 10:45,Ultrasonic,No,68,463,Success,28,87,Wet,Daylight
10/9/2022 10:46,Radar,No,56,355,Success,23,98,Icy,Night
10/10/2022 10:47,Ultrasonic,No,46,455,Success,26,30,Dry,Dusk
10/11/2022 10:48,Radar,No,58,429,Success,19,64,Dry,Daylight
10/12/2022 10:49,Radar,No,51,284,Success,27,70,Dry,Dusk
10/13/2022 10:50,Ultrasonic,No,64,236,Success,25,80,Dry,Dusk
10/14/2022 10:51,Radar,No,69,488,Failed,38,37,Wet,Daylight
10/15/2022 10:52,Radar,No,68,470,Failed,18,97,Wet,Dusk
10/16/2022 10:53,Lidar,No,73,373,Success,19,68,Wet,Daylight
10/17/2022 10:54,Radar,No,61,499,Failed,29,40,Wet,Dusk
10/18/2022 10:55,Radar,No,46,289,Failed,16,88,Dry,Dusk
10/19/2022 10:56,Camera,No,40,349,Success,27,75,Wet,Dusk
10/20/2022 10:57,Lidar,No,64,476,Success,19,56,Dry,Daylight
10/21/2022 10:58,Radar,No,39,443,Failed,17,63,Wet,Daylight
10/22/2022 10:59,Lidar,No,62,510,Success,22,46,Wet,Night
10/23/2022 11:00,Radar,No,63,500,Success,23,43,Wet,Daylight
10/24/2022 11:01,Radar,No,62,362,Failed,21,83,Dry,Dusk
10/25/2022 11:02,Ultrasonic,No,52,523,Failed,17,44,Wet,Night
10/26/2022 11:03,Camera,No,69,646,Failed,20,40,Dry,Dusk
10/27/2022 11:04,Radar,No,61,426,Success,22,60,Dry,Daylight
10/28/2022 11:05,Ultrasonic,Yes,48,388,Failed,30,90,Dry,Daylight
10/29/2022 11:06,Radar,No,45,376,Success,28,85,Wet,Daylight
10/30/2022 11:07,Camera,Yes,71,357,Failed,19,78,Wet,Daylight
10/31/2022 11:08,Lidar,No,78,680,Success,29,53,Wet,Dusk
11/1/2022 11:09,Radar,No,67,610,Success,22,79,Dry,Dusk
11/2/2022 11:10,Radar,Yes,60,509,Success,23,88,Icy,Dusk
11/3/2022 11:11,Camera,Yes,59,473,Failed,21,93,Wet,Dusk
11/4/2022 11:12,Radar,Yes,66,576,Failed,36,37,Dry,Night
11/5/2022 11:13,Radar,No,57,484,Failed,28,51,Icy,Night
11/6/2022 11:14,Ultrasonic,Yes,55,626,Failed,24,90,Wet,Daylight
11/7/2022 11:15,Radar,No,62,438,Failed,31,96,Dry,Dusk
11/8/2022 11:16,Radar,No,67,468,Success,27,56,Dry,Daylight
11/9/2022 11:17,Lidar,No,55,395,Success,31,87,Dry,Night
11/10/2022 11:18,Camera,No,85,346,Success,20,76,Wet,Daylight
11/11/2022 11:19,Radar,No,66,424,Failed,18,66,Wet,Dusk
11/12/2022 11:20,Camera,No,51,442,Success,21,75,Wet,Night
11/13/2022 11:21,Radar,No,48,342,Failed,27,71,Wet,Daylight
11/14/2022 11:22,Ultrasonic,No,49,625,Success,27,95,Wet,Daylight
11/15/2022 11:23,Radar,No,52,523,Success,26,34,Dry,Daylight
11/16/2022 11:24,Radar,No,77,469,Success,25,79,Icy,Dusk
11/17/2022 11:25,Radar,Yes,52,415,Success,27,56,Dry,Dusk
11/18/2022 11:26,Radar,No,60,554,Success,35,95,Dry,Dusk
11/19/2022 11:27,Radar,Yes,47,425,Success,27,77,Dry,Dusk
11/20/2022 11:28,Camera,No,70,435,Failed,27,36,Dry,Night
11/21/2022 11:29,Lidar,Yes,63,433,Failed,27,36,Wet,Night
11/22/2022 11:30,Radar,No,57,466,Success,36,90,Dry,Daylight
11/23/2022 11:31,Camera,Yes,56,327,Failed,28,96,Dry,Daylight
11/24/2022 11:32,Ultrasonic,No,66,527,Success,24,53,Wet,Dusk
11/25/2022 11:33,Radar,Yes,51,558,Success,27,86,Wet,Daylight
11/26/2022 11:34,Camera,No,63,517,Success,22,44,Dry,Daylight
11/27/2022 11:35,Ultrasonic,Yes,80,405,Success,24,58,Wet,Daylight
11/28/2022 11:36,Camera,No,47,364,Success,18,71,Wet,Daylight
11/29/2022 11:37,Radar,No,65,639,Failed,27,62,Dry,Daylight
11/30/2022 11:38,Radar,No,60,505,Success,18,73,Dry,Night
12/1/2022 11:39,Radar,Yes,63,422,Success,19,83,Wet,Daylight
12/2/2022 11:40,Radar,Yes,60,737,Failed,17,37,Wet,Daylight
12/3/2022 11:41,Ultrasonic,Yes,44,462,Failed,16,33,Dry,Dusk
12/4/2022 11:42,Radar,No,56,408,Success,29,76,Dry,Dusk
12/5/2022 11:43,Radar,No,62,602,Success,26,68,Icy,Daylight
12/6/2022 11:44,Radar,No,64,512,Failed,23,57,Dry,Daylight
12/7/2022 11:45,Camera,No,72,611,Success,22,37,Dry,Night
12/8/2022 11:46,Radar,No,59,451,Success,14,70,Wet,Daylight
12/9/2022 11:47,Ultrasonic,No,63,662,Failed,30,65,Dry,Daylight
12/10/2022 11:48,Camera,No,56,481,Success,28,30,Dry,Daylight
12/11/2022 11:49,Lidar,Yes,65,660,Success,23,94,Dry,Dusk
12/12/2022 11:50,Ultrasonic,Yes,41,569,Success,20,32,Dry,Daylight
12/13/2022 11:51,Camera,Yes,39,542,Failed,26,54,Dry,Daylight
12/14/2022 11:52,Radar,No,63,564,Success,34,31,Wet,Daylight
12/15/2022 11:53,Lidar,No,55,458,Success,31,39,Dry,Dusk
12/16/2022 11:54,Ultrasonic,Yes,52,422,Success,27,98,Dry,Night
12/17/2022 11:55,Lidar,No,65,362,Success,23,98,Dry,Daylight
12/18/2022 11:56,Lidar,No,66,675,Success,21,56,Wet,Daylight
12/19/2022 11:57,Radar,Yes,36,491,Failed,24,83,Dry,Daylight
12/20/2022 11:58,Camera,No,60,580,Success,36,79,Icy,Night
12/21/2022 11:59,Lidar,No,62,391,Failed,26,93,Wet,Dusk
12/22/2022 12:00,Ultrasonic,No,65,438,Success,25,81,Wet,Night
12/23/2022 12:01,Radar,No,62,476,Success,33,39,Dry,Daylight
12/24/2022 12:02,Radar,No,60,620,Failed,27,76,Dry,Daylight
12/25/2022 12:03,Radar,Yes,58,397,Failed,29,78,Icy,Night
12/26/2022 12:04,Camera,No,54,480,Success,38,86,Dry,Daylight
12/27/2022 12:05,Radar,No,72,508,Failed,23,56,Dry,Dusk
12/28/2022 12:06,Lidar,No,63,371,Failed,21,56,Wet,Daylight
12/29/2022 12:07,Lidar,No,70,509,Success,23,96,Dry,Daylight
12/30/2022 12:08,Camera,No,61,478,Failed,27,51,Dry,Daylight
12/31/2022 12:09,Ultrasonic,No,42,451,Failed,20,87,Icy,Daylight
1/1/2023 12:10,Lidar,Yes,50,631,Success,20,92,Wet,Dusk
1/2/2023 12:11,Radar,No,54,481,Success,29,56,Wet,Daylight
1/3/2023 12:12,Radar,No,52,558,Success,22,79,Dry,Daylight
1/4/2023 12:13,Radar,No,68,689,Failed,22,35,Dry,Daylight
1/5/2023 12:14,Radar,No,35,471,Success,26,39,Wet,Daylight
1/6/2023 12:15,Lidar,Yes,55,429,Failed,25,55,Dry,Night
1/7/2023 12:16,Lidar,No,49,509,Success,23,55,Dry,Dusk
1/8/2023 12:17,Lidar,No,63,539,Failed,26,93,Icy,Night
1/9/2023 12:18,Lidar,No,59,400,Success,33,42,Dry,Daylight
1/10/2023 12:19,Radar,No,78,657,Success,21,88,Dry,Daylight
1/11/2023 12:20,Ultrasonic,No,71,484,Failed,29,49,Dry,Dusk
1/12/2023 12:21,Lidar,No,73,538,Failed,24,66,Dry,Daylight
1/13/2023 12:22,Radar,Yes,75,489,Success,18,49,Dry,Daylight
1/14/2023 12:23,Radar,Yes,81,411,Success,18,64,Dry,Night
1/15/2023 12:24,Radar,Yes,54,480,Success,27,73,Wet,Night
1/16/2023 12:25,Lidar,No,68,497,Success,28,78,Dry,Daylight
1/17/2023 12:26,Radar,No,48,619,Success,25,61,Dry,Daylight
1/18/2023 12:27,Radar,No,68,544,Success,28,39,Dry,Daylight
1/19/2023 12:28,Radar,No,59,391,Failed,22,54,Wet,Dusk
1/20/2023 12:29,Lidar,No,63,610,Success,22,68,Dry,Daylight
1/21/2023 12:30,Radar,No,80,548,Success,27,70,Wet,Dusk
1/22/2023 12:31,Radar,No,62,524,Success,29,72,Dry,Night
1/23/2023 12:32,Lidar,Yes,59,444,Success,27,35,Dry,Night
1/24/2023 12:33,Camera,No,51,398,Success,30,60,Dry,Dusk
1/25/2023 12:34,Radar,No,45,397,Failed,27,63,Wet,Night
1/26/2023 12:35,Ultrasonic,No,53,479,Success,28,74,Dry,Daylight
1/27/2023 12:36,Radar,No,58,462,Success,18,70,Dry,Daylight
1/28/2023 12:37,Ultrasonic,No,55,405,Success,25,34,Dry,Daylight
1/29/2023 12:38,Lidar,No,33,477,Success,25,97,Dry,Daylight
1/30/2023 12:39,Ultrasonic,No,69,421,Success,20,60,Wet,Night
1/31/2023 12:40,Radar,No,53,433,Success,17,67,Dry,Daylight
2/1/2023 12:41,Lidar,No,61,274,Success,24,70,Dry,Dusk
2/2/2023 12:42,Lidar,No,53,428,Failed,30,57,Dry,Daylight
2/3/2023 12:43,Lidar,No,57,529,Success,20,60,Icy,Night
2/4/2023 12:44,Lidar,No,51,331,Success,34,87,Dry,Night
2/5/2023 12:45,Lidar,No,60,409,Failed,25,80,Dry,Dusk
2/6/2023 12:46,Camera,No,75,582,Failed,30,35,Dry,Dusk
2/7/2023 12:47,Lidar,No,64,536,Success,30,38,Icy,Daylight
2/8/2023 12:48,Radar,No,85,516,Success,19,84,Dry,Daylight
2/9/2023 12:49,Radar,No,55,494,Failed,28,57,Icy,Daylight
2/10/2023 12:50,Camera,Yes,60,538,Failed,27,34,Dry,Dusk
2/11/2023 12:51,Radar,Yes,60,501,Failed,28,99,Dry,Night
2/12/2023 12:52,Radar,No,42,468,Success,24,75,Dry,Daylight
2/13/2023 12:53,Radar,No,85,539,Success,27,79,Wet,Dusk
2/14/2023 12:54,Ultrasonic,No,65,453,Failed,26,91,Dry,Daylight
2/15/2023 12:55,Radar,No,59,502,Failed,22,89,Icy,Dusk
2/16/2023 12:56,Radar,No,58,512,Success,30,67,Dry,Dusk
2/17/2023 12:57,Radar,No,41,520,Failed,19,42,Wet,Dusk
2/18/2023 12:58,Ultrasonic,No,57,487,Success,29,34,Wet,Night
2/19/2023 12:59,Radar,No,74,223,Success,25,37,Dry,Daylight
2/20/2023 13:00,Radar,No,67,633,Success,26,47,Dry,Dusk
2/21/2023 13:01,Ultrasonic,No,71,594,Success,24,42,Wet,Dusk
2/22/2023 13:02,Radar,No,72,496,Success,29,42,Wet,Daylight
2/23/2023 13:03,Lidar,No,55,535,Success,31,53,Dry,Daylight
2/24/2023 13:04,Lidar,No,66,512,Success,25,61,Dry,Daylight
2/25/2023 13:05,Radar,No,70,406,Failed,26,32,Wet,Daylight
2/26/2023 13:06,Lidar,No,52,515,Success,28,31,Dry,Daylight
2/27/2023 13:07,Lidar,No,54,407,Success,24,30,Dry,Daylight
2/28/2023 13:08,Camera,No,48,432,Failed,30,71,Dry,Dusk
3/1/2023 13:09,Lidar,No,70,369,Success,15,47,Wet,Night
3/2/2023 13:10,Radar,No,62,495,Failed,23,89,Dry,Dusk
3/3/2023 13:11,Ultrasonic,Yes,58,665,Success,28,99,Wet,Daylight
3/4/2023 13:12,Lidar,No,59,381,Failed,22,35,Wet,Daylight
3/5/2023 13:13,Lidar,No,66,580,Success,17,50,Dry,Daylight
3/6/2023 13:14,Radar,No,58,335,Success,17,80,Wet,Dusk
3/7/2023 13:15,Camera,Yes,36,461,Success,30,58,Dry,Night
3/8/2023 13:16,Camera,No,85,392,Success,26,40,Dry,Dusk
3/9/2023 13:17,Camera,No,51,423,Success,18,51,Dry,Dusk
3/10/2023 13:18,Radar,No,80,335,Failed,23,63,Wet,Night
3/11/2023 13:19,Radar,No,71,652,Success,30,52,Wet,Night
3/12/2023 13:20,Radar,No,68,524,Failed,22,62,Wet,Daylight
3/13/2023 13:21,Lidar,No,58,555,Success,30,49,Wet,Dusk
3/14/2023 13:22,Camera,No,37,432,Failed,14,76,Dry,Dusk
3/15/2023 13:23,Ultrasonic,No,61,455,Success,32,60,Icy,Daylight
3/16/2023 13:24,Radar,Yes,68,575,Success,21,48,Dry,Daylight
3/17/2023 13:25,Lidar,No,65,483,Success,20,75,Dry,Daylight
3/18/2023 13:26,Lidar,No,41,477,Failed,21,77,Dry,Daylight
3/19/2023 13:27,Lidar,No,65,510,Failed,29,86,Dry,Dusk
3/20/2023 13:28,Camera,Yes,52,516,Success,27,31,Wet,Daylight
3/21/2023 13:29,Camera,No,57,455,Success,18,94,Wet,Daylight
3/22/2023 13:30,Radar,No,72,575,Failed,29,75,Dry,Dusk
3/23/2023 13:31,Ultrasonic,Yes,88,372,Failed,22,78,Dry,Daylight
3/24/2023 13:32,Radar,No,62,560,Success,30,36,Dry,Daylight
3/25/2023 13:33,Lidar,No,75,476,Failed,22,95,Wet,Daylight
3/26/2023 13:34,Lidar,Yes,71,604,Success,29,77,Wet,Night
3/27/2023 13:35,Radar,Yes,75,570,Failed,18,92,Dry,Daylight
3/28/2023 13:36,Ultrasonic,No,48,507,Success,24,68,Dry,Daylight
3/29/2023 13:37,Lidar,No,69,343,Success,26,43,Dry,Dusk
3/30/2023 13:38,Camera,No,69,566,Failed,26,52,Icy,Daylight
3/31/2023 13:39,Lidar,No,59,622,Success,15,47,Dry,Daylight
4/1/2023 13:40,Radar,No,56,678,Success,23,34,Wet,Daylight
4/2/2023 13:41,Radar,No,57,668,Failed,29,67,Wet,Night
4/3/2023 13:42,Lidar,No,57,437,Success,21,70,Wet,Daylight
4/4/2023 13:43,Radar,No,52,699,Failed,22,80,Dry,Dusk
4/5/2023 13:44,Radar,No,63,721,Success,28,96,Dry,Night
4/6/2023 13:45,Radar,No,79,527,Success,33,48,Dry,Night
4/7/2023 13:46,Radar,No,66,478,Failed,20,57,Wet,Night
4/8/2023 13:47,Camera,No,51,437,Success,20,87,Wet,Dusk
4/9/2023 13:48,Radar,No,58,557,Success,20,82,Dry,Night
4/10/2023 13:49,Radar,No,62,780,Failed,26,84,Dry,Daylight
4/11/2023 13:50,Camera,No,68,564,Failed,22,54,Dry,Dusk
4/12/2023 13:51,Radar,No,70,709,Success,32,88,Dry,Dusk
4/13/2023 13:52,Lidar,No,55,401,Success,26,79,Dry,Dusk
4/14/2023 13:53,Lidar,Yes,68,421,Failed,26,87,Icy,Daylight
4/15/2023 13:54,Radar,No,50,471,Success,14,57,Dry,Daylight
4/16/2023 13:55,Camera,No,61,447,Success,26,50,Dry,Daylight
4/17/2023 13:56,Radar,No,57,623,Success,29,73,Dry,Dusk
4/18/2023 13:57,Lidar,No,51,355,Success,20,67,Icy,Daylight
4/19/2023 13:58,Radar,No,57,636,Success,17,84,Dry,Daylight
4/20/2023 13:59,Camera,No,46,441,Success,16,83,Wet,Dusk
4/21/2023 14:00,Lidar,No,58,460,Success,22,86,Dry,Daylight
4/22/2023 14:01,Camera,No,54,339,Failed,30,94,Dry,Dusk
4/23/2023 14:02,Radar,No,43,529,Success,24,95,Icy,Dusk
4/24/2023 14:03,Radar,No,53,505,Failed,27,75,Dry,Dusk
4/25/2023 14:04,Camera,No,68,447,Success,26,63,Dry,Dusk
4/26/2023 14:05,Radar,No,54,360,Success,23,54,Dry,Night
4/27/2023 14:06,Radar,No,40,413,Success,26,86,Wet,Night
4/28/2023 14:07,Lidar,No,54,399,Success,21,41,Wet,Dusk
4/29/2023 14:08,Lidar,No,55,612,Success,19,97,Dry,Daylight
4/30/2023 14:09,Radar,No,57,350,Success,26,63,Dry,Dusk
5/1/2023 14:10,Radar,No,75,423,Success,27,53,Dry,Daylight
5/2/2023 14:11,Ultrasonic,No,58,517,Failed,31,80,Icy,Daylight
5/3/2023 14:12,Radar,No,65,594,Success,25,83,Dry,Night
5/4/2023 14:13,Ultrasonic,Yes,49,539,Success,17,97,Dry,Dusk
5/5/2023 14:14,Radar,No,60,474,Failed,13,58,Dry,Dusk
5/6/2023 14:15,Lidar,No,53,544,Success,25,89,Dry,Daylight
5/7/2023 14:16,Radar,No,70,547,Success,31,90,Dry,Daylight
5/8/2023 14:17,Lidar,No,58,448,Failed,33,40,Dry,Dusk
5/9/2023 14:18,Lidar,No,71,520,Success,30,63,Icy,Night
5/10/2023 14:19,Lidar,No,41,404,Success,30,55,Wet,Night
5/11/2023 14:20,Camera,No,65,393,Success,15,92,Wet,Dusk
5/12/2023 14:21,Lidar,Yes,64,519,Success,36,99,Dry,Daylight
5/13/2023 14:22,Camera,No,47,590,Failed,32,99,Icy,Daylight
5/14/2023 14:23,Lidar,Yes,60,530,Failed,33,97,Dry,Dusk
5/15/2023 14:24,Lidar,No,56,559,Success,21,36,Dry,Daylight
5/16/2023 14:25,Lidar,No,73,439,Failed,24,79,Wet,Dusk
5/17/2023 14:26,Radar,Yes,52,456,Success,24,91,Wet,Dusk
5/18/2023 14:27,Lidar,No,59,596,Success,17,49,Dry,Night
5/19/2023 14:28,Radar,No,36,625,Success,20,84,Wet,Night
5/20/2023 14:29,Camera,No,64,517,Success,17,60,Icy,Dusk
5/21/2023 14:30,Ultrasonic,No,68,601,Success,16,99,Dry,Night
5/22/2023 14:31,Radar,No,51,527,Failed,28,45,Wet,Daylight
5/23/2023 14:32,Lidar,No,65,391,Failed,24,33,Dry,Daylight
5/24/2023 14:33,Lidar,No,58,595,Failed,26,55,Dry,Daylight
5/25/2023 14:34,Ultrasonic,No,63,577,Success,17,72,Dry,Dusk
5/26/2023 14:35,Lidar,No,45,374,Failed,38,88,Dry,Dusk
5/27/2023 14:36,Ultrasonic,No,60,475,Failed,27,33,Dry,Dusk
5/28/2023 14:37,Radar,No,64,582,Failed,26,40,Wet,Daylight
5/29/2023 14:38,Radar,No,66,574,Success,23,35,Dry,Night
5/30/2023 14:39,Radar,No,71,631,Success,33,77,Dry,Dusk
5/31/2023 14:40,Radar,No,59,457,Success,26,46,Dry,Daylight
6/1/2023 14:41,Camera,No,54,521,Success,28,46,Icy,Daylight
6/2/2023 14:42,Lidar,Yes,55,563,Success,22,65,Dry,Dusk
6/3/2023 14:43,Radar,No,58,406,Failed,13,52,Dry,Daylight
6/4/2023 14:44,Radar,Yes,57,484,Success,26,71,Dry,Dusk
6/5/2023 14:45,Radar,Yes,58,496,Success,27,35,Icy,Dusk
6/6/2023 14:46,Camera,No,57,677,Success,33,44,Dry,Night
6/7/2023 14:47,Lidar,Yes,62,499,Success,24,37,Dry,Dusk
6/8/2023 14:48,Camera,No,76,484,Success,21,31,Dry,Daylight
6/9/2023 14:49,Ultrasonic,No,56,559,Failed,22,56,Dry,Night
6/10/2023 14:50,Radar,Yes,67,465,Success,23,82,Icy,Daylight
6/11/2023 14:51,Radar,No,50,418,Success,20,53,Icy,Night
6/12/2023 14:52,Lidar,No,80,400,Failed,26,59,Dry,Dusk
6/13/2023 14:53,Camera,Yes,71,339,Failed,27,36,Dry,Dusk
6/14/2023 14:54,Radar,Yes,61,588,Success,19,59,Dry,Daylight
6/15/2023 14:55,Camera,No,64,360,Success,27,31,Icy,Dusk
6/16/2023 14:56,Radar,No,44,387,Failed,31,38,Dry,Dusk
6/17/2023 14:57,Radar,No,47,523,Failed,28,36,Wet,Dusk
6/18/2023 14:58,Lidar,No,75,557,Success,27,55,Wet,Dusk
6/19/2023 14:59,Radar,No,53,421,Failed,18,71,Wet,Dusk
6/20/2023 15:00,Radar,No,41,468,Failed,26,51,Dry,Daylight
6/21/2023 15:01,Ultrasonic,No,66,528,Failed,27,80,Wet,Daylight
6/22/2023 15:02,Lidar,Yes,58,597,Success,31,78,Dry,Daylight
6/23/2023 15:03,Radar,No,66,440,Success,29,45,Icy,Daylight
6/24/2023 15:04,Camera,Yes,76,371,Success,31,87,Dry,Daylight
6/25/2023 15:05,Lidar,Yes,68,459,Failed,27,51,Wet,Dusk
6/26/2023 15:06,Ultrasonic,No,48,406,Success,19,61,Dry,Night
6/27/2023 15:07,Camera,No,49,422,Success,26,39,Dry,Dusk
6/28/2023 15:08,Radar,No,61,401,Success,23,77,Dry,Daylight
6/29/2023 15:09,Ultrasonic,No,35,561,Failed,25,91,Dry,Daylight
6/30/2023 15:10,Lidar,No,71,424,Failed,30,42,Wet,Daylight
7/1/2023 15:11,Radar,No,62,341,Failed,24,70,Dry,Night
7/2/2023 15:12,Radar,No,58,642,Success,23,56,Wet,Daylight
7/3/2023 15:13,Lidar,Yes,51,539,Failed,31,39,Dry,Dusk
7/4/2023 15:14,Camera,Yes,59,491,Success,29,55,Wet,Dusk
7/5/2023 15:15,Lidar,No,52,544,Success,28,73,Dry,Daylight
7/6/2023 15:16,Ultrasonic,No,65,489,Success,30,99,Dry,Dusk
7/7/2023 15:17,Camera,Yes,39,383,Failed,26,53,Wet,Daylight
7/8/2023 15:18,Radar,No,54,467,Success,19,40,Wet,Daylight
7/9/2023 15:19,Radar,No,64,576,Success,27,36,Icy,Daylight
7/10/2023 15:20,Radar,No,70,727,Success,22,44,Icy,Daylight
7/11/2023 15:21,Radar,Yes,75,504,Failed,30,70,Dry,Daylight
7/12/2023 15:22,Radar,No,61,492,Failed,25,55,Dry,Daylight
7/13/2023 15:23,Ultrasonic,No,60,598,Success,21,66,Dry,Night
7/14/2023 15:24,Radar,No,82,417,Success,29,36,Icy,Night
7/15/2023 15:25,Radar,No,65,652,Success,21,46,Wet,Night
7/16/2023 15:26,Radar,No,58,598,Success,11,87,Wet,Daylight
7/17/2023 15:27,Lidar,No,77,605,Success,29,96,Dry,Dusk
7/18/2023 15:28,Camera,No,50,585,Success,20,31,Icy,Dusk
7/19/2023 15:29,Radar,No,70,296,Success,29,73,Wet,Dusk
7/20/2023 15:30,Camera,No,69,369,Failed,31,95,Dry,Daylight
7/21/2023 15:31,Lidar,No,52,443,Failed,26,50,Dry,Dusk
7/22/2023 15:32,Lidar,Yes,67,412,Success,26,98,Dry,Daylight
7/23/2023 15:33,Camera,No,61,329,Success,20,52,Dry,Daylight
7/24/2023 15:34,Radar,No,75,488,Failed,27,34,Dry,Dusk
7/25/2023 15:35,Lidar,No,68,335,Failed,20,31,Wet,Night
7/26/2023 15:36,Camera,No,49,521,Success,21,32,Dry,Daylight
7/27/2023 15:37,Lidar,Yes,40,594,Success,22,32,Dry,Night
7/28/2023 15:38,Lidar,No,65,328,Failed,21,60,Dry,Daylight
7/29/2023 15:39,Camera,Yes,42,265,Success,19,96,Wet,Dusk
7/30/2023 15:40,Ultrasonic,No,67,646,Success,21,92,Dry,Daylight
7/31/2023 15:41,Lidar,No,55,544,Success,25,95,Dry,Dusk
8/1/2023 15:42,Radar,No,56,571,Success,21,87,Dry,Daylight
8/2/2023 15:43,Lidar,No,77,698,Success,24,83,Dry,Dusk
8/3/2023 15:44,Camera,No,60,487,Failed,16,43,Dry,Dusk
8/4/2023 15:45,Camera,No,63,553,Failed,25,84,Wet,Daylight
8/5/2023 15:46,Radar,No,55,290,Failed,28,87,Wet,Daylight
8/6/2023 15:47,Lidar,No,64,526,Success,19,54,Wet,Daylight
8/7/2023 15:48,Lidar,Yes,58,565,Success,28,30,Dry,Dusk
8/8/2023 15:49,Radar,Yes,54,388,Failed,24,74,Dry,Daylight
8/9/2023 15:50,Radar,No,62,519,Success,20,42,Icy,Daylight
8/10/2023 15:51,Ultrasonic,No,76,367,Success,17,68,Dry,Daylight
8/11/2023 15:52,Lidar,No,62,562,Failed,18,86,Icy,Daylight
8/12/2023 15:53,Lidar,No,61,488,Success,30,81,Wet,Night
8/13/2023 15:54,Radar,No,69,551,Success,25,71,Dry,Daylight
8/14/2023 15:55,Lidar,No,55,624,Success,24,83,Wet,Dusk
8/15/2023 15:56,Radar,No,62,453,Success,32,56,Wet,Daylight
8/16/2023 15:57,Radar,No,34,532,Failed,28,67,Dry,Daylight
8/17/2023 15:58,Lidar,Yes,67,566,Success,21,57,Wet,Night
8/18/2023 15:59,Radar,No,54,630,Failed,17,62,Dry,Daylight
8/19/2023 16:00,Radar,Yes,50,420,Success,30,79,Dry,Daylight
8/20/2023 16:01,Ultrasonic,Yes,61,471,Success,26,61,Wet,Night
8/21/2023 16:02,Lidar,No,66,436,Success,26,98,Dry,Night
8/22/2023 16:03,Radar,No,60,329,Success,24,41,Wet,Night
8/23/2023 16:04,Camera,No,70,341,Failed,27,75,Dry,Daylight
8/24/2023 16:05,Radar,No,36,595,Success,16,57,Icy,Night
8/25/2023 16:06,Radar,No,57,698,Success,20,34,Dry,Daylight
8/26/2023 16:07,Lidar,No,64,422,Success,33,32,Dry,Daylight
8/27/2023 16:08,Radar,Yes,62,677,Success,25,37,Dry,Night
8/28/2023 16:09,Radar,No,65,432,Success,22,99,Dry,Night
8/29/2023 16:10,Camera,No,67,511,Failed,16,47,Dry,Dusk
8/30/2023 16:11,Radar,No,51,688,Failed,18,65,Wet,Night
8/31/2023 16:12,Lidar,No,64,599,Success,18,63,Wet,Night
9/1/2023 16:13,Lidar,No,43,577,Success,35,76,Dry,Daylight
9/2/2023 16:14,Radar,No,48,637,Failed,21,68,Dry,Daylight
9/3/2023 16:15,Radar,No,43,474,Success,26,95,Dry,Daylight
9/4/2023 16:16,Radar,No,75,453,Success,21,60,Dry,Dusk
9/5/2023 16:17,Camera,No,76,632,Failed,22,76,Wet,Night
9/6/2023 16:18,Camera,Yes,46,632,Success,24,86,Wet,Dusk
9/7/2023 16:19,Lidar,No,67,508,Failed,26,35,Dry,Daylight
9/8/2023 16:20,Lidar,Yes,74,357,Success,27,93,Dry,Daylight
9/9/2023 16:21,Camera,No,54,547,Success,21,58,Wet,Daylight
9/10/2023 16:22,Radar,No,68,302,Failed,26,83,Wet,Dusk
9/11/2023 16:23,Radar,No,54,586,Success,20,55,Dry,Daylight
9/12/2023 16:24,Camera,No,79,519,Success,18,88,Icy,Daylight
9/13/2023 16:25,Radar,No,44,469,Success,23,79,Dry,Night
9/14/2023 16:26,Camera,No,47,665,Success,33,31,Icy,Night
9/15/2023 16:27,Lidar,No,70,611,Success,32,53,Dry,Daylight
9/16/2023 16:28,Lidar,No,63,457,Failed,29,68,Dry,Daylight
9/17/2023 16:29,Lidar,No,61,534,Failed,19,64,Dry,Daylight
9/18/2023 16:30,Camera,No,70,546,Failed,25,65,Wet,Dusk
9/19/2023 16:31,Camera,No,61,536,Failed,19,30,Dry,Daylight
9/20/2023 16:32,Camera,Yes,43,513,Failed,14,67,Wet,Dusk
9/21/2023 16:33,Ultrasonic,No,56,513,Failed,20,84,Dry,Daylight
9/22/2023 16:34,Ultrasonic,No,86,455,Failed,24,82,Dry,Night
9/23/2023 16:35,Radar,No,39,399,Success,24,94,Wet,Daylight
9/24/2023 16:36,Lidar,No,57,419,Success,37,86,Dry,Daylight
9/25/2023 16:37,Radar,No,58,413,Success,36,86,Icy,Daylight
9/26/2023 16:38,Lidar,Yes,66,456,Success,21,51,Dry,Night
9/27/2023 16:39,Lidar,No,66,407,Failed,30,42,Wet,Dusk
